{
	"data":[{
		"firstName" : "Bill",
		"lastName" : "Gates",
		"dob" : "Dec 20 1965",
		"isWorking" : true,
		"income" : 50000,
		"company" : "Microsoft Corporation",
		"image" : "images/bill.jpg",
		"vote" : 180
	},{
		"firstName" : "Steve",
		"lastName" : "Jobs",
		"dob" : "Jan 2 1968",
		"isWorking" : false,
		"income" : 0,
		"company" : "Apple Inc.",
		"image" : "images/steve.jpg",
		"vote" : 220
	},{
		"firstName" : "Tim B.",
		"lastName" : "Lee",
		"dob" : "Aug 20 1962",
		"isWorking" : true,
		"income" : 40000,
		"company" : "World Wide Web",
		"image" : "images/tim.jpg",
		"vote" : 150
	}]
}